date,Close
2011-01-03,0.4
2011-01-04,0.39
2011-01-05,0.42
2011-01-06,0.48
2011-01-07,0.5
2011-01-10,0.52
2011-01-11,0.51
2011-01-12,0.58
2011-01-13,0.58
2011-01-14,0.59
2011-01-18,0.58
2011-01-19,0.56
2011-01-20,0.56
2011-01-21,0.56
2011-01-24,0.62
2011-01-25,0.6
2011-01-26,0.61
2011-01-27,0.61
2011-01-28,0.59
2011-01-31,0.6
2011-02-01,0.61
2011-02-02,0.64
2011-02-03,0.63
2011-02-04,0.64
2011-02-07,0.62
2011-02-08,0.6
2011-02-09,0.58
2011-02-10,0.57
2011-02-11,0.59
2011-02-14,0.58
2011-02-15,0.56
2011-02-16,0.58
2011-02-17,0.64
2011-02-18,0.64
2011-02-22,0.58
2011-02-23,0.55
2011-02-24,0.57
2011-02-25,0.58
2011-02-28,0.57
2011-03-01,0.54
2011-03-02,0.52
2011-03-03,0.52
2011-03-04,0.52
2011-03-07,0.51
2011-03-08,0.49
2011-03-09,0.48
2011-03-10,0.45
2011-03-11,0.45
2011-03-14,0.46
2011-03-15,0.44
2011-03-16,0.44
2011-03-17,0.45
2011-03-18,0.44
2011-03-21,0.44
2011-03-22,0.44
2011-03-23,0.45
2011-03-24,0.48
2011-03-25,0.47
2011-03-28,0.48
2011-03-29,0.48
2011-03-30,0.46
2011-03-31,0.46
2011-04-01,0.46
2011-04-04,0.44
2011-04-05,0.44
2011-04-06,0.44
2011-04-07,0.45
2011-04-08,0.44
2011-04-11,0.43
2011-04-12,0.43
2011-04-13,0.44
2011-04-14,0.46
2011-04-15,0.47
2011-04-18,0.45
2011-04-19,0.45
2011-04-20,0.46
2011-04-21,0.46
2011-04-25,0.47
2011-04-26,0.48
2011-04-27,0.48
2011-04-28,0.49
2011-04-29,0.5
2011-05-02,0.49
2011-05-03,0.47
2011-05-04,0.47
2011-05-05,0.47
2011-05-06,0.48
2011-05-09,0.49
2011-05-10,0.49
2011-05-11,0.5
2011-05-12,0.51
2011-05-13,0.46
2011-05-16,0.44
2011-05-17,0.44
2011-05-18,0.45
2011-05-19,0.44
2011-05-20,0.45
2011-05-23,0.45
2011-05-24,0.45
2011-05-25,0.46
2011-05-26,0.47
2011-05-27,0.49
2011-05-31,0.5
2011-06-01,0.48
2011-06-02,0.48
2011-06-03,0.46
2011-06-06,0.45
2011-06-07,0.45
2011-06-08,0.44
2011-06-09,0.43
2011-06-10,0.43
2011-06-13,0.42
2011-06-14,0.43
2011-06-15,0.42
2011-06-16,0.4
2011-06-17,0.4
2011-06-20,0.39
2011-06-21,0.4
2011-06-22,0.39
2011-06-23,0.41
2011-06-24,0.39
2011-06-27,0.39
2011-06-28,0.39
2011-06-29,0.39
2011-06-30,0.4
2011-07-01,0.4
2011-07-05,0.4
2011-07-06,0.39
2011-07-07,0.39
2011-07-08,0.39
2011-07-11,0.37
2011-07-12,0.37
2011-07-13,0.37
2011-07-14,0.35
2011-07-15,0.35
2011-07-18,0.34
2011-07-19,0.36
2011-07-20,0.35
2011-07-21,0.37
2011-07-22,0.38
2011-07-25,0.37
2011-07-26,0.36
2011-07-27,0.35
2011-07-28,0.35
2011-07-29,0.35
2011-08-01,0.36
2011-08-02,0.36
2011-08-03,0.37
2011-08-04,0.34
2011-08-05,0.32
2011-08-08,0.3
2011-08-09,0.32
2011-08-10,0.31
2011-08-11,0.34
2011-08-12,0.32
2011-08-15,0.33
2011-08-16,0.32
2011-08-17,0.32
2011-08-18,0.3
2011-08-19,0.29
2011-08-22,0.3
2011-08-23,0.33
2011-08-24,0.33
2011-08-25,0.31
2011-08-26,0.33
2011-08-29,0.33
2011-08-30,0.34
2011-08-31,0.33
2011-09-01,0.33
2011-09-02,0.32
2011-09-06,0.33
2011-09-07,0.36
2011-09-08,0.35
2011-09-09,0.35
2011-09-12,0.36
2011-09-13,0.36
2011-09-14,0.38
2011-09-15,0.39
2011-09-16,0.39
2011-09-19,0.38
2011-09-20,0.37
2011-09-21,0.36
2011-09-22,0.34
2011-09-23,0.34
2011-09-26,0.35
2011-09-27,0.35
2011-09-28,0.34
2011-09-29,0.33
2011-09-30,0.31
2011-10-03,0.3
2011-10-04,0.32
2011-10-05,0.33
2011-10-06,0.35
2011-10-07,0.35
2011-10-10,0.37
2011-10-11,0.37
2011-10-12,0.37
2011-10-13,0.39
2011-10-14,0.39
2011-10-17,0.37
2011-10-18,0.39
2011-10-19,0.38
2011-10-20,0.36
2011-10-21,0.36
2011-10-24,0.38
2011-10-25,0.36
2011-10-26,0.37
2011-10-27,0.38
2011-10-28,0.39
2011-10-31,0.37
2011-11-01,0.35
2011-11-02,0.35
2011-11-03,0.37
2011-11-04,0.37
2011-11-07,0.37
2011-11-08,0.38
2011-11-09,0.36
2011-11-10,0.36
2011-11-11,0.37
2011-11-14,0.37
2011-11-15,0.37
2011-11-16,0.36
2011-11-17,0.35
2011-11-18,0.35
2011-11-21,0.37
2011-11-22,0.38
2011-11-23,0.36
2011-11-25,0.35
2011-11-28,0.37
2011-11-29,0.37
2011-11-30,0.39
2011-12-01,0.4
2011-12-02,0.39
2011-12-05,0.39
2011-12-06,0.38
2011-12-07,0.38
2011-12-08,0.37
2011-12-09,0.37
2011-12-12,0.36
2011-12-13,0.35
2011-12-14,0.34
2011-12-15,0.34
2011-12-16,0.34
2011-12-19,0.33
2011-12-20,0.35
2011-12-21,0.34
2011-12-22,0.36
2011-12-23,0.35
2011-12-27,0.35
2011-12-28,0.34
2011-12-29,0.35
2011-12-30,0.35
2012-01-03,0.35
2012-01-04,0.36
2012-01-05,0.37
2012-01-06,0.36
2012-01-09,0.36
2012-01-10,0.36
2012-01-11,0.35
2012-01-12,0.35
2012-01-13,0.34
2012-01-17,0.34
2012-01-18,0.35
2012-01-19,0.36
2012-01-20,0.36
2012-01-23,0.37
2012-01-24,0.37
2012-01-25,0.37
2012-01-26,0.37
2012-01-27,0.37
2012-01-30,0.37
2012-01-31,0.37
2012-02-01,0.37
2012-02-02,0.39
2012-02-03,0.4
2012-02-06,0.39
2012-02-07,0.39
2012-02-08,0.41
2012-02-09,0.41
2012-02-10,0.4
2012-02-13,0.4
2012-02-14,0.41
2012-02-15,0.4
2012-02-16,0.41
2012-02-17,0.4
2012-02-21,0.4
2012-02-22,0.4
2012-02-23,0.4
2012-02-24,0.39
2012-02-27,0.39
2012-02-28,0.38
2012-02-29,0.38
2012-03-01,0.38
2012-03-02,0.38
2012-03-05,0.37
2012-03-06,0.37
2012-03-07,0.37
2012-03-08,0.37
2012-03-09,0.37
2012-03-12,0.36
2012-03-13,0.37
2012-03-14,0.36
2012-03-15,0.36
2012-03-16,0.37
2012-03-19,0.37
2012-03-20,0.36
2012-03-21,0.36
2012-03-22,0.36
2012-03-23,0.36
2012-03-26,0.37
2012-03-27,0.37
2012-03-28,0.38
2012-03-29,0.38
2012-03-30,0.38
2012-04-02,0.38
2012-04-03,0.38
2012-04-04,0.37
2012-04-05,0.37
2012-04-09,0.36
2012-04-10,0.35
2012-04-11,0.36
2012-04-12,0.37
2012-04-13,0.35
2012-04-16,0.35
2012-04-17,0.35
2012-04-18,0.35
2012-04-19,0.34
2012-04-20,0.33
2012-04-23,0.33
2012-04-24,0.32
2012-04-25,0.33
2012-04-26,0.33
2012-04-27,0.32
2012-04-30,0.33
2012-05-01,0.33
2012-05-02,0.32
2012-05-03,0.32
2012-05-04,0.31
2012-05-07,0.31
2012-05-08,0.31
2012-05-09,0.31
2012-05-10,0.31
2012-05-11,0.33
2012-05-14,0.33
2012-05-15,0.33
2012-05-16,0.32
2012-05-17,0.32
2012-05-18,0.3
2012-05-21,0.31
2012-05-22,0.3
2012-05-23,0.31
2012-05-24,0.3
2012-05-25,0.31
2012-05-29,0.32
2012-05-30,0.31
2012-05-31,0.31
2012-06-01,0.3
2012-06-04,0.29
2012-06-05,0.3
2012-06-06,0.31
2012-06-07,0.3
2012-06-08,0.3
2012-06-11,0.31
2012-06-12,0.31
2012-06-13,0.3
2012-06-14,0.3
2012-06-15,0.31
2012-06-18,0.31
2012-06-19,0.33
2012-06-20,0.34
2012-06-21,0.32
2012-06-22,0.32
2012-06-25,0.31
2012-06-26,0.32
2012-06-27,0.33
2012-06-28,0.33
2012-06-29,0.35
2012-07-02,0.34
2012-07-03,0.35
2012-07-05,0.34
2012-07-06,0.34
2012-07-09,0.33
2012-07-10,0.32
2012-07-11,0.32
2012-07-12,0.31
2012-07-13,0.31
2012-07-16,0.31
2012-07-17,0.31
2012-07-18,0.33
2012-07-19,0.33
2012-07-20,0.32
2012-07-23,0.32
2012-07-24,0.32
2012-07-25,0.33
2012-07-26,0.33
2012-07-27,0.34
2012-07-30,0.33
2012-07-31,0.34
2012-08-01,0.33
2012-08-02,0.34
2012-08-03,0.34
2012-08-06,0.35
2012-08-07,0.35
2012-08-08,0.36
2012-08-09,0.37
2012-08-10,0.37
2012-08-13,0.37
2012-08-14,0.36
2012-08-15,0.36
2012-08-16,0.37
2012-08-17,0.37
2012-08-20,0.37
2012-08-21,0.37
2012-08-22,0.37
2012-08-23,0.36
2012-08-24,0.37
2012-08-27,0.36
2012-08-28,0.36
2012-08-29,0.36
2012-08-30,0.35
2012-08-31,0.35
2012-09-04,0.33
2012-09-05,0.33
2012-09-06,0.34
2012-09-07,0.34
2012-09-10,0.33
2012-09-11,0.34
2012-09-12,0.34
2012-09-13,0.34
2012-09-14,0.35
2012-09-17,0.34
2012-09-18,0.34
2012-09-19,0.34
2012-09-20,0.34
2012-09-21,0.34
2012-09-24,0.34
2012-09-25,0.34
2012-09-26,0.33
2012-09-27,0.33
2012-09-28,0.33
2012-10-01,0.33
2012-10-02,0.33
2012-10-03,0.33
2012-10-04,0.34
2012-10-05,0.33
2012-10-08,0.33
2012-10-09,0.32
2012-10-10,0.32
2012-10-11,0.32
2012-10-12,0.32
2012-10-15,0.32
2012-10-16,0.33
2012-10-17,0.33
2012-10-18,0.32
2012-10-19,0.3
2012-10-22,0.3
2012-10-23,0.31
2012-10-24,0.3
2012-10-25,0.3
2012-10-26,0.3
2012-10-31,0.3
2012-11-01,0.31
2012-11-02,0.31
2012-11-05,0.33
2012-11-06,0.33
2012-11-07,0.32
2012-11-08,0.32
2012-11-09,0.3
2012-11-12,0.3
2012-11-13,0.3
2012-11-14,0.29
2012-11-15,0.29
2012-11-16,0.28
2012-11-19,0.29
2012-11-20,0.29
2012-11-21,0.3
2012-11-23,0.3
2012-11-26,0.3
2012-11-27,0.3
2012-11-28,0.31
2012-11-29,0.3
2012-11-30,0.3
2012-12-03,0.29
2012-12-04,0.3
2012-12-05,0.3
2012-12-06,0.3
2012-12-07,0.3
2012-12-10,0.31
2012-12-11,0.32
2012-12-12,0.31
2012-12-13,0.31
2012-12-14,0.31
2012-12-17,0.31
2012-12-18,0.31
2012-12-19,0.32
2012-12-20,0.32
2012-12-21,0.31
2012-12-24,0.31
2012-12-26,0.31
2012-12-27,0.3
2012-12-28,0.3
2012-12-31,0.31
2013-01-02,0.32
2013-01-03,0.32
2013-01-04,0.33
2013-01-07,0.32
2013-01-08,0.31
2013-01-09,0.31
2013-01-10,0.31
2013-01-11,0.31
2013-01-14,0.31
2013-01-15,0.3
2013-01-16,0.3
2013-01-17,0.31
2013-01-18,0.3
2013-01-22,0.3
2013-01-23,0.3
2013-01-24,0.3
2013-01-25,0.31
2013-01-28,0.32
2013-01-29,0.31
2013-01-30,0.31
2013-01-31,0.31
2013-02-01,0.31
2013-02-04,0.3
2013-02-05,0.31
2013-02-06,0.31
2013-02-07,0.31
2013-02-08,0.31
2013-02-11,0.31
2013-02-12,0.31
2013-02-13,0.31
2013-02-14,0.32
2013-02-15,0.32
2013-02-19,0.31
2013-02-20,0.31
2013-02-21,0.31
2013-02-22,0.31
2013-02-25,0.31
2013-02-26,0.31
2013-02-27,0.32
2013-02-28,0.32
2013-03-01,0.32
2013-03-04,0.32
2013-03-05,0.32
2013-03-06,0.32
2013-03-07,0.32
2013-03-08,0.32
2013-03-11,0.32
2013-03-12,0.32
2013-03-13,0.32
2013-03-14,0.32
2013-03-15,0.32
2013-03-18,0.31
2013-03-19,0.31
2013-03-20,0.32
2013-03-21,0.31
2013-03-22,0.31
2013-03-25,0.31
2013-03-26,0.31
2013-03-27,0.32
2013-03-28,0.32
2013-04-01,0.31
2013-04-02,0.31
2013-04-03,0.3
2013-04-04,0.31
2013-04-05,0.31
2013-04-08,0.31
2013-04-09,0.32
2013-04-10,0.32
2013-04-11,0.32
2013-04-12,0.33
2013-04-15,0.32
2013-04-16,0.32
2013-04-17,0.32
2013-04-18,0.31
2013-04-19,0.31
2013-04-22,0.31
2013-04-23,0.32
2013-04-24,0.33
2013-04-25,0.34
2013-04-26,0.34
2013-04-29,0.34
2013-04-30,0.34
2013-05-01,0.34
2013-05-02,0.35
2013-05-03,0.35
2013-05-06,0.35
2013-05-07,0.34
2013-05-08,0.35
2013-05-09,0.35
2013-05-10,0.36
2013-05-13,0.36
2013-05-14,0.36
2013-05-15,0.37
2013-05-16,0.37
2013-05-17,0.37
2013-05-20,0.37
2013-05-21,0.37
2013-05-22,0.36
2013-05-23,0.37
2013-05-24,0.36
2013-05-28,0.36
2013-05-29,0.36
2013-05-30,0.37
2013-05-31,0.36
2013-06-03,0.36
2013-06-04,0.36
2013-06-05,0.35
2013-06-06,0.36
2013-06-07,0.36
2013-06-10,0.36
2013-06-11,0.35
2013-06-12,0.35
2013-06-13,0.36
2013-06-14,0.36
2013-06-17,0.36
2013-06-18,0.36
2013-06-19,0.37
2013-06-20,0.36
2013-06-21,0.36
2013-06-24,0.35
2013-06-25,0.36
2013-06-26,0.35
2013-06-27,0.35
2013-06-28,0.35
2013-07-01,0.35
2013-07-02,0.35
2013-07-03,0.35
2013-07-05,0.36
2013-07-08,0.35
2013-07-09,0.36
2013-07-10,0.36
2013-07-11,0.37
2013-07-12,0.37
2013-07-15,0.37
2013-07-16,0.37
2013-07-17,0.37
2013-07-18,0.36
2013-07-19,0.36
2013-07-22,0.36
2013-07-23,0.36
2013-07-24,0.36
2013-07-25,0.36
2013-07-26,0.36
2013-07-29,0.35
2013-07-30,0.36
2013-07-31,0.36
2013-08-01,0.37
2013-08-02,0.37
2013-08-05,0.37
2013-08-06,0.37
2013-08-07,0.37
2013-08-08,0.37
2013-08-09,0.36
2013-08-12,0.36
2013-08-13,0.36
2013-08-14,0.38
2013-08-15,0.38
2013-08-16,0.38
2013-08-19,0.37
2013-08-20,0.37
2013-08-21,0.37
2013-08-22,0.37
2013-08-23,0.37
2013-08-26,0.37
2013-08-27,0.37
2013-08-28,0.37
2013-08-29,0.37
2013-08-30,0.37
2013-09-03,0.37
2013-09-04,0.37
2013-09-05,0.37
2013-09-06,0.37
2013-09-09,0.38
2013-09-10,0.39
2013-09-11,0.39
2013-09-12,0.39
2013-09-13,0.4
2013-09-16,0.4
2013-09-17,0.4
2013-09-18,0.4
2013-09-19,0.4
2013-09-20,0.39
2013-09-23,0.39
2013-09-24,0.39
2013-09-25,0.39
2013-09-26,0.39
2013-09-27,0.39
2013-09-30,0.39
2013-10-01,0.39
2013-10-02,0.39
2013-10-03,0.38
2013-10-04,0.39
2013-10-07,0.39
2013-10-08,0.39
2013-10-09,0.38
2013-10-10,0.38
2013-10-11,0.38
2013-10-14,0.39
2013-10-15,0.39
2013-10-16,0.39
2013-10-17,0.39
2013-10-18,0.4
2013-10-21,0.4
2013-10-22,0.39
2013-10-23,0.39
2013-10-24,0.38
2013-10-25,0.38
2013-10-28,0.38
2013-10-29,0.38
2013-10-30,0.38
2013-10-31,0.38
2013-11-01,0.38
2013-11-04,0.37
2013-11-05,0.37
2013-11-06,0.37
2013-11-07,0.36
2013-11-08,0.39
2013-11-11,0.39
2013-11-12,0.39
2013-11-13,0.4
2013-11-14,0.41
2013-11-15,0.4
2013-11-18,0.39
2013-11-19,0.39
2013-11-20,0.38
2013-11-21,0.38
2013-11-22,0.38
2013-11-25,0.39
2013-11-26,0.39
2013-11-27,0.39
2013-11-29,0.39
2013-12-02,0.39
2013-12-03,0.39
2013-12-04,0.4
2013-12-05,0.39
2013-12-06,0.39
2013-12-09,0.38
2013-12-10,0.39
2013-12-11,0.39
2013-12-12,0.38
2013-12-13,0.38
2013-12-16,0.38
2013-12-17,0.38
2013-12-18,0.38
2013-12-19,0.38
2013-12-20,0.39
2013-12-23,0.39
2013-12-24,0.4
2013-12-26,0.39
2013-12-27,0.39
2013-12-30,0.4
2013-12-31,0.4
2014-01-02,0.4
2014-01-03,0.39
2014-01-06,0.4
2014-01-07,0.4
2014-01-08,0.41
2014-01-09,0.39
2014-01-10,0.39
2014-01-13,0.38
2014-01-14,0.4
2014-01-15,0.4
2014-01-16,0.4
2014-01-17,0.4
2014-01-21,0.4
2014-01-22,0.4
2014-01-23,0.4
2014-01-24,0.39
2014-01-27,0.39
2014-01-28,0.39
2014-01-29,0.39
2014-01-30,0.39
2014-01-31,0.39
2014-02-03,0.39
2014-02-04,0.39
2014-02-05,0.39
2014-02-06,0.39
2014-02-07,0.4
2014-02-10,0.4
2014-02-11,0.41
2014-02-12,0.42
2014-02-13,0.43
2014-02-14,0.45
2014-02-18,0.45
2014-02-19,0.45
2014-02-20,0.47
2014-02-21,0.47
2014-02-24,0.47
2014-02-25,0.47
2014-02-26,0.47
2014-02-27,0.46
2014-02-28,0.46
2014-03-03,0.46
2014-03-04,0.46
2014-03-05,0.47
2014-03-06,0.46
2014-03-07,0.46
2014-03-10,0.45
2014-03-11,0.46
2014-03-12,0.46
2014-03-13,0.44
2014-03-14,0.45
2014-03-17,0.45
2014-03-18,0.46
2014-03-19,0.46
2014-03-20,0.46
2014-03-21,0.46
2014-03-24,0.46
2014-03-25,0.46
2014-03-26,0.45
2014-03-27,0.44
2014-03-28,0.45
2014-03-31,0.45
2014-04-01,0.47
2014-04-02,0.46
2014-04-03,0.47
2014-04-04,0.45
2014-04-07,0.46
2014-04-08,0.47
2014-04-09,0.47
2014-04-10,0.46
2014-04-11,0.45
2014-04-14,0.46
2014-04-15,0.46
2014-04-16,0.46
2014-04-17,0.46
2014-04-21,0.47
2014-04-22,0.47
2014-04-23,0.48
2014-04-24,0.48
2014-04-25,0.47
2014-04-28,0.47
2014-04-29,0.47
2014-04-30,0.46
2014-05-01,0.46
2014-05-02,0.46
2014-05-05,0.47
2014-05-06,0.46
2014-05-07,0.46
2014-05-08,0.46
2014-05-09,0.45
2014-05-12,0.46
2014-05-13,0.46
2014-05-14,0.45
2014-05-15,0.45
2014-05-16,0.45
2014-05-19,0.46
2014-05-20,0.46
2014-05-21,0.46
2014-05-22,0.46
2014-05-23,0.46
2014-05-27,0.47
2014-05-28,0.47
2014-05-29,0.47
2014-05-30,0.48
2014-06-02,0.47
2014-06-03,0.47
2014-06-04,0.47
2014-06-05,0.47
2014-06-06,0.48
2014-06-09,0.48
2014-06-10,0.48
2014-06-11,0.49
2014-06-12,0.49
2014-06-13,0.49
2014-06-16,0.49
2014-06-17,0.49
2014-06-18,0.49
2014-06-19,0.48
2014-06-20,0.47
2014-06-23,0.47
2014-06-24,0.46
2014-06-25,0.47
2014-06-26,0.46
2014-06-27,0.46
2014-06-30,0.46
2014-07-01,0.47
2014-07-02,0.47
2014-07-03,0.47
2014-07-07,0.47
2014-07-08,0.46
2014-07-09,0.48
2014-07-10,0.48
2014-07-11,0.48
2014-07-14,0.48
2014-07-15,0.48
2014-07-16,0.48
2014-07-17,0.48
2014-07-18,0.46
2014-07-21,0.46
2014-07-22,0.46
2014-07-23,0.45
2014-07-24,0.45
2014-07-25,0.44
2014-07-28,0.44
2014-07-29,0.44
2014-07-30,0.45
2014-07-31,0.44
2014-08-01,0.44
2014-08-04,0.44
2014-08-05,0.44
2014-08-06,0.44
2014-08-07,0.44
2014-08-08,0.48
2014-08-11,0.47
2014-08-12,0.47
2014-08-13,0.48
2014-08-14,0.47
2014-08-15,0.48
2014-08-18,0.48
2014-08-19,0.48
2014-08-20,0.48
2014-08-21,0.48
2014-08-22,0.48
2014-08-25,0.48
2014-08-26,0.49
2014-08-27,0.48
2014-08-28,0.48
2014-08-29,0.49
2014-09-02,0.49
2014-09-03,0.49
2014-09-04,0.5
2014-09-05,0.5
2014-09-08,0.49
2014-09-09,0.49
2014-09-10,0.49
2014-09-11,0.49
2014-09-12,0.48
2014-09-15,0.47
2014-09-16,0.48
2014-09-17,0.48
2014-09-18,0.49
2014-09-19,0.48
2014-09-22,0.47
2014-09-23,0.47
2014-09-24,0.47
2014-09-25,0.46
2014-09-26,0.46
2014-09-29,0.46
2014-09-30,0.46
2014-10-01,0.46
2014-10-02,0.45
2014-10-03,0.46
2014-10-06,0.45
2014-10-07,0.45
2014-10-08,0.46
2014-10-09,0.45
2014-10-10,0.42
2014-10-13,0.42
2014-10-14,0.43
2014-10-15,0.44
2014-10-16,0.44
2014-10-17,0.44
2014-10-20,0.44
2014-10-21,0.46
2014-10-22,0.45
2014-10-23,0.46
2014-10-24,0.46
2014-10-27,0.46
2014-10-28,0.47
2014-10-29,0.47
2014-10-30,0.47
2014-10-31,0.49
2014-11-03,0.5
2014-11-04,0.5
2014-11-05,0.5
2014-11-06,0.51
2014-11-07,0.49
2014-11-10,0.5
2014-11-11,0.49
2014-11-12,0.49
2014-11-13,0.49
2014-11-14,0.49
2014-11-17,0.49
2014-11-18,0.5
2014-11-19,0.5
2014-11-20,0.51
2014-11-21,0.51
2014-11-24,0.51
2014-11-25,0.51
2014-11-26,0.52
2014-11-28,0.52
2014-12-01,0.51
2014-12-02,0.52
2014-12-03,0.53
2014-12-04,0.52
2014-12-05,0.53
2014-12-08,0.52
2014-12-09,0.52
2014-12-10,0.51
2014-12-11,0.51
2014-12-12,0.49
2014-12-15,0.49
2014-12-16,0.48
2014-12-17,0.5
2014-12-18,0.51
2014-12-19,0.51
2014-12-22,0.52
2014-12-23,0.52
2014-12-24,0.51
2014-12-26,0.51
2014-12-29,0.51
2014-12-30,0.51
2014-12-31,0.5
2015-01-02,0.5
2015-01-05,0.49
2015-01-06,0.48
2015-01-07,0.48
2015-01-08,0.5
2015-01-09,0.5
2015-01-12,0.49
2015-01-13,0.49
2015-01-14,0.49
2015-01-15,0.49
2015-01-16,0.5
2015-01-20,0.5
2015-01-21,0.51
2015-01-22,0.52
2015-01-23,0.52
2015-01-26,0.52
2015-01-27,0.49
2015-01-28,0.48
2015-01-29,0.49
2015-01-30,0.48
2015-02-02,0.49
2015-02-03,0.5
2015-02-04,0.5
2015-02-05,0.51
2015-02-06,0.51
2015-02-09,0.51
2015-02-10,0.52
2015-02-11,0.52
2015-02-12,0.56
2015-02-13,0.56
2015-02-17,0.56
2015-02-18,0.55
2015-02-19,0.55
2015-02-20,0.56
2015-02-23,0.55
2015-02-24,0.56
2015-02-25,0.55
2015-02-26,0.56
2015-02-27,0.55
2015-03-02,0.56
2015-03-03,0.55
2015-03-04,0.56
2015-03-05,0.57
2015-03-06,0.56
2015-03-09,0.57
2015-03-10,0.57
2015-03-11,0.57
2015-03-12,0.57
2015-03-13,0.57
2015-03-16,0.57
2015-03-17,0.58
2015-03-18,0.57
2015-03-19,0.58
2015-03-20,0.59
2015-03-23,0.57
2015-03-24,0.56
2015-03-25,0.53
2015-03-26,0.52
2015-03-27,0.53
2015-03-30,0.54
2015-03-31,0.52
2015-04-01,0.53
2015-04-02,0.53
2015-04-06,0.54
2015-04-07,0.55
2015-04-08,0.55
2015-04-09,0.56
2015-04-10,0.57
2015-04-13,0.56
2015-04-14,0.56
2015-04-15,0.57
2015-04-16,0.56
2015-04-17,0.56
2015-04-20,0.55
2015-04-21,0.55
2015-04-22,0.56
2015-04-23,0.56
2015-04-24,0.55
2015-04-27,0.56
2015-04-28,0.56
2015-04-29,0.55
2015-04-30,0.55
2015-05-01,0.57
2015-05-04,0.57
2015-05-05,0.55
2015-05-06,0.55
2015-05-07,0.56
2015-05-08,0.52
2015-05-11,0.52
2015-05-12,0.52
2015-05-13,0.52
2015-05-14,0.53
2015-05-15,0.53
2015-05-18,0.53
2015-05-19,0.53
2015-05-20,0.53
2015-05-21,0.52
2015-05-22,0.52
2015-05-26,0.52
2015-05-27,0.55
2015-05-28,0.55
2015-05-29,0.55
2015-06-01,0.56
2015-06-02,0.55
2015-06-03,0.54
2015-06-04,0.55
2015-06-05,0.56
2015-06-08,0.54
2015-06-09,0.55
2015-06-10,0.54
2015-06-11,0.54
2015-06-12,0.53
2015-06-15,0.53
2015-06-16,0.53
2015-06-17,0.54
2015-06-18,0.55
2015-06-19,0.55
2015-06-22,0.54
2015-06-23,0.53
2015-06-24,0.53
2015-06-25,0.53
2015-06-26,0.52
2015-06-29,0.5
2015-06-30,0.5
2015-07-01,0.51
2015-07-02,0.51
2015-07-06,0.5
2015-07-07,0.49
2015-07-08,0.49
2015-07-09,0.49
2015-07-10,0.49
2015-07-13,0.5
2015-07-14,0.5
2015-07-15,0.49
2015-07-16,0.5
2015-07-17,0.5
2015-07-20,0.49
2015-07-21,0.49
2015-07-22,0.49
2015-07-23,0.49
2015-07-24,0.49
2015-07-27,0.48
2015-07-28,0.49
2015-07-29,0.5
2015-07-30,0.5
2015-07-31,0.5
2015-08-03,0.51
2015-08-04,0.51
2015-08-05,0.51
2015-08-06,0.51
2015-08-07,0.57
2015-08-10,0.59
2015-08-11,0.59
2015-08-12,0.59
2015-08-13,0.59
2015-08-14,0.59
2015-08-17,0.58
2015-08-18,0.58
2015-08-19,0.57
2015-08-20,0.55
2015-08-21,0.54
2015-08-24,0.52
2015-08-25,0.51
2015-08-26,0.55
2015-08-27,0.57
2015-08-28,0.57
2015-08-31,0.56
2015-09-01,0.54
2015-09-02,0.56
2015-09-03,0.56
2015-09-04,0.54
2015-09-08,0.57
2015-09-09,0.56
2015-09-10,0.56
2015-09-11,0.57
2015-09-14,0.57
2015-09-15,0.57
2015-09-16,0.58
2015-09-17,0.58
2015-09-18,0.58
2015-09-21,0.59
2015-09-22,0.57
2015-09-23,0.58
2015-09-24,0.59
2015-09-25,0.59
2015-09-28,0.58
2015-09-29,0.59
2015-09-30,0.62
2015-10-01,0.6
2015-10-02,0.62
2015-10-05,0.64
2015-10-06,0.64
2015-10-07,0.65
2015-10-08,0.65
2015-10-09,0.65
2015-10-12,0.66
2015-10-13,0.66
2015-10-14,0.68
2015-10-15,0.69
2015-10-16,0.7
2015-10-19,0.7
2015-10-20,0.69
2015-10-21,0.69
2015-10-22,0.71
2015-10-23,0.71
2015-10-26,0.71
2015-10-27,0.71
2015-10-28,0.72
2015-10-29,0.69
2015-10-30,0.71
2015-11-02,0.72
2015-11-03,0.71
2015-11-04,0.7
2015-11-05,0.69
2015-11-06,0.79
2015-11-09,0.79
2015-11-10,0.77
2015-11-11,0.76
2015-11-12,0.76
2015-11-13,0.75
2015-11-16,0.76
2015-11-17,0.76
2015-11-18,0.78
2015-11-19,0.78
2015-11-20,0.78
2015-11-23,0.77
2015-11-24,0.78
2015-11-25,0.78
2015-11-27,0.78
2015-11-30,0.79
2015-12-01,0.82
2015-12-02,0.81
2015-12-03,0.81
2015-12-04,0.84
2015-12-07,0.83
2015-12-08,0.84
2015-12-09,0.82
2015-12-10,0.82
2015-12-11,0.81
2015-12-14,0.81
2015-12-15,0.82
2015-12-16,0.83
2015-12-17,0.82
2015-12-18,0.8
2015-12-21,0.82
2015-12-22,0.82
2015-12-23,0.83
2015-12-24,0.83
2015-12-28,0.83
2015-12-29,0.84
2015-12-30,0.83
2015-12-31,0.82
2016-01-04,0.81
2016-01-05,0.82
2016-01-06,0.79
2016-01-07,0.76
2016-01-08,0.74
2016-01-11,0.74
2016-01-12,0.75
2016-01-13,0.73
2016-01-14,0.72
2016-01-15,0.68
2016-01-19,0.68
2016-01-20,0.69
2016-01-21,0.7
2016-01-22,0.71
2016-01-25,0.71
2016-01-26,0.72
2016-01-27,0.71
2016-01-28,0.7
2016-01-29,0.73
2016-02-01,0.73
2016-02-02,0.7
2016-02-03,0.71
2016-02-04,0.71
2016-02-05,0.66
2016-02-08,0.63
2016-02-09,0.64
2016-02-10,0.64
2016-02-11,0.63
2016-02-12,0.64
2016-02-16,0.67
2016-02-17,0.69
2016-02-18,0.75
2016-02-19,0.76
2016-02-22,0.79
2016-02-23,0.79
2016-02-24,0.8
2016-02-25,0.8
2016-02-26,0.79
2016-02-29,0.78
2016-03-01,0.82
2016-03-02,0.82
2016-03-03,0.82
2016-03-04,0.81
2016-03-07,0.81
2016-03-08,0.79
2016-03-09,0.79
2016-03-10,0.79
2016-03-11,0.81
2016-03-14,0.81
2016-03-15,0.8
2016-03-16,0.83
2016-03-17,0.82
2016-03-18,0.85
2016-03-21,0.85
2016-03-22,0.85
2016-03-23,0.86
2016-03-24,0.86
2016-03-28,0.87
2016-03-29,0.88
2016-03-30,0.89
2016-03-31,0.89
2016-04-01,0.9
2016-04-04,0.9
2016-04-05,0.89
2016-04-06,0.9
2016-04-07,0.89
2016-04-08,0.89
2016-04-11,0.9
2016-04-12,0.9
2016-04-13,0.92
2016-04-14,0.92
2016-04-15,0.93
2016-04-18,0.92
2016-04-19,0.91
2016-04-20,0.91
2016-04-21,0.91
2016-04-22,0.91
2016-04-25,0.91
2016-04-26,0.91
2016-04-27,0.93
2016-04-28,0.91
2016-04-29,0.89
2016-05-02,0.9
2016-05-03,0.89
2016-05-04,0.87
2016-05-05,0.87
2016-05-06,0.88
2016-05-09,0.88
2016-05-10,0.9
2016-05-11,0.9
2016-05-12,0.89
2016-05-13,1.02
2016-05-16,1.05
2016-05-17,1.06
2016-05-18,1.08
2016-05-19,1.09
2016-05-20,1.11
2016-05-23,1.11
2016-05-24,1.13
2016-05-25,1.13
2016-05-26,1.14
2016-05-27,1.15
2016-05-31,1.17
2016-06-01,1.17
2016-06-02,1.18
2016-06-03,1.16
2016-06-06,1.16
2016-06-07,1.16
2016-06-08,1.15
2016-06-09,1.18
2016-06-10,1.16
2016-06-13,1.17
2016-06-14,1.17
2016-06-15,1.18
2016-06-16,1.19
2016-06-17,1.17
2016-06-20,1.19
2016-06-21,1.18
2016-06-22,1.18
2016-06-23,1.21
2016-06-24,1.14
2016-06-27,1.13
2016-06-28,1.15
2016-06-29,1.17
2016-06-30,1.18
2016-07-01,1.17
2016-07-05,1.18
2016-07-06,1.19
2016-07-07,1.22
2016-07-08,1.27
2016-07-11,1.3
2016-07-12,1.32
2016-07-13,1.32
2016-07-14,1.33
2016-07-15,1.32
2016-07-18,1.32
2016-07-19,1.34
2016-07-20,1.36
2016-07-21,1.33
2016-07-22,1.37
2016-07-25,1.39
2016-07-26,1.42
2016-07-27,1.4
2016-07-28,1.4
2016-07-29,1.43
2016-08-01,1.42
2016-08-02,1.4
2016-08-03,1.4
2016-08-04,1.43
2016-08-05,1.46
2016-08-08,1.47
2016-08-09,1.47
2016-08-10,1.46
2016-08-11,1.49
2016-08-12,1.58
2016-08-15,1.57
2016-08-16,1.57
2016-08-17,1.53
2016-08-18,1.55
2016-08-19,1.56
2016-08-22,1.56
2016-08-23,1.57
2016-08-24,1.55
2016-08-25,1.54
2016-08-26,1.55
2016-08-29,1.55
2016-08-30,1.54
2016-08-31,1.53
2016-09-01,1.58
2016-09-02,1.56
2016-09-06,1.58
2016-09-07,1.55
2016-09-08,1.57
2016-09-09,1.49
2016-09-12,1.52
2016-09-13,1.5
2016-09-14,1.51
2016-09-15,1.57
2016-09-16,1.57
2016-09-19,1.59
2016-09-20,1.58
2016-09-21,1.62
2016-09-22,1.63
2016-09-23,1.62
2016-09-26,1.61
2016-09-27,1.66
2016-09-28,1.67
2016-09-29,1.69
2016-09-30,1.71
2016-10-03,1.71
2016-10-04,1.71
2016-10-05,1.71
2016-10-06,1.68
2016-10-07,1.67
2016-10-10,1.68
2016-10-11,1.65
2016-10-12,1.66
2016-10-13,1.63
2016-10-14,1.65
2016-10-17,1.64
2016-10-18,1.67
2016-10-19,1.66
2016-10-20,1.69
2016-10-21,1.69
2016-10-24,1.77
2016-10-25,1.8
2016-10-26,1.8
2016-10-27,1.77
2016-10-28,1.76
2016-10-31,1.78
2016-11-01,1.73
2016-11-02,1.72
2016-11-03,1.7
2016-11-04,1.69
2016-11-07,1.78
2016-11-08,1.78
2016-11-09,1.75
2016-11-10,1.69
2016-11-11,2.2
2016-11-14,2.09
2016-11-15,2.15
2016-11-16,2.29
2016-11-17,2.31
2016-11-18,2.33
2016-11-21,2.32
2016-11-22,2.34
2016-11-23,2.35
2016-11-25,2.35
2016-11-28,2.35
2016-11-29,2.33
2016-11-30,2.31
2016-12-01,2.19
2016-12-02,2.21
2016-12-05,2.3
2016-12-06,2.33
2016-12-07,2.38
2016-12-08,2.34
2016-12-09,2.3
2016-12-12,2.24
2016-12-13,2.28
2016-12-14,2.41
2016-12-15,2.47
2016-12-16,2.51
2016-12-19,2.54
2016-12-20,2.63
2016-12-21,2.65
2016-12-22,2.68
2016-12-23,2.74
2016-12-27,2.93
2016-12-28,2.73
2016-12-29,2.79
2016-12-30,2.67
2017-01-03,2.55
2017-01-04,2.61
2017-01-05,2.54
2017-01-06,2.58
2017-01-09,2.68
2017-01-10,2.66
2017-01-11,2.63
2017-01-12,2.59
2017-01-13,2.59
2017-01-17,2.53
2017-01-18,2.57
2017-01-19,2.63
2017-01-20,2.6
2017-01-23,2.63
2017-01-24,2.68
2017-01-25,2.69
2017-01-26,2.74
2017-01-27,2.79
2017-01-30,2.75
2017-01-31,2.73
2017-02-01,2.85
2017-02-02,2.88
2017-02-03,2.86
2017-02-06,2.93
2017-02-07,2.98
2017-02-08,2.97
2017-02-09,2.91
2017-02-10,2.84
2017-02-13,2.71
2017-02-14,2.72
2017-02-15,2.73
2017-02-16,2.68
2017-02-17,2.68
2017-02-21,2.78
2017-02-22,2.77
2017-02-23,2.51
2017-02-24,2.54
2017-02-27,2.61
2017-02-28,2.54
2017-03-01,2.57
2017-03-02,2.48
2017-03-03,2.46
2017-03-06,2.44
2017-03-07,2.47
2017-03-08,2.46
2017-03-09,2.46
2017-03-10,2.48
2017-03-13,2.55
2017-03-14,2.54
2017-03-15,2.56
2017-03-16,2.6
2017-03-17,2.65
2017-03-20,2.74
2017-03-21,2.65
2017-03-22,2.7
2017-03-23,2.68
2017-03-24,2.69
2017-03-27,2.71
2017-03-28,2.69
2017-03-29,2.68
2017-03-30,2.74
2017-03-31,2.72
2017-04-03,2.71
2017-04-04,2.52
2017-04-05,2.5
2017-04-06,2.52
2017-04-07,2.51
2017-04-10,2.44
2017-04-11,2.45
2017-04-12,2.43
2017-04-13,2.39
2017-04-17,2.48
2017-04-18,2.48
2017-04-19,2.49
2017-04-20,2.53
2017-04-21,2.54
2017-04-24,2.57
2017-04-25,2.62
2017-04-26,2.6
2017-04-27,2.64
2017-04-28,2.61
2017-05-01,2.67
2017-05-02,2.59
2017-05-03,2.61
2017-05-04,2.6
2017-05-05,2.6
2017-05-08,2.57
2017-05-09,2.57
2017-05-10,3.03
2017-05-11,3.16
2017-05-12,3.2
2017-05-15,3.36
2017-05-16,3.42
2017-05-17,3.19
2017-05-18,3.33
2017-05-19,3.4
2017-05-22,3.47
2017-05-23,3.43
2017-05-24,3.46
2017-05-25,3.46
2017-05-26,3.55
2017-05-30,3.62
2017-05-31,3.61
2017-06-01,3.61
2017-06-02,3.59
2017-06-05,3.7
2017-06-06,3.68
2017-06-07,3.73
2017-06-08,4.0
2017-06-09,3.74
2017-06-12,3.75
2017-06-13,3.79
2017-06-14,3.79
2017-06-15,3.81
2017-06-16,3.79
2017-06-19,3.93
2017-06-20,3.93
2017-06-21,3.99
2017-06-22,3.96
2017-06-23,3.85
2017-06-26,3.8
2017-06-27,3.66
2017-06-28,3.79
2017-06-29,3.67
2017-06-30,3.61
2017-07-03,3.48
2017-07-05,3.58
2017-07-06,3.59
2017-07-07,3.67
2017-07-10,3.84
2017-07-11,3.9
2017-07-12,4.06
2017-07-13,4.02
2017-07-14,4.12
2017-07-17,4.11
2017-07-18,4.15
2017-07-19,4.13
2017-07-20,4.19
2017-07-21,4.2
2017-07-24,4.15
2017-07-25,4.13
2017-07-26,4.18
2017-07-27,4.04
2017-07-28,4.11
2017-07-31,4.06
2017-08-01,4.11
2017-08-02,4.11
2017-08-03,4.16
2017-08-04,4.18
2017-08-07,4.31
2017-08-08,4.26
2017-08-09,4.3
2017-08-10,4.12
2017-08-11,3.9
2017-08-14,4.21
2017-08-15,4.17
2017-08-16,4.13
2017-08-17,4.04
2017-08-18,4.04
2017-08-21,3.98
2017-08-22,4.06
2017-08-23,4.15
2017-08-24,4.13
2017-08-25,4.1
2017-08-28,4.12
2017-08-29,4.12
2017-08-30,4.14
2017-08-31,4.24
2017-09-01,4.26
2017-09-05,4.15
2017-09-06,4.15
2017-09-07,4.16
2017-09-08,4.09
2017-09-11,4.23
2017-09-12,4.24
2017-09-13,4.26
2017-09-14,4.24
2017-09-15,4.5
2017-09-18,4.69
2017-09-19,4.68
2017-09-20,4.65
2017-09-21,4.52
2017-09-22,4.48
2017-09-25,4.28
2017-09-26,4.3
2017-09-27,4.39
2017-09-28,4.39
2017-09-29,4.47
2017-10-02,4.48
2017-10-03,4.48
2017-10-04,4.52
2017-10-05,4.52
2017-10-06,4.53
2017-10-09,4.63
2017-10-10,4.72
2017-10-11,4.77
2017-10-12,4.78
2017-10-13,4.86
2017-10-16,4.95
2017-10-17,4.94
2017-10-18,4.94
2017-10-19,4.95
2017-10-20,4.92
2017-10-23,4.92
2017-10-24,4.97
2017-10-25,4.84
2017-10-26,4.89
2017-10-27,5.05
2017-10-30,5.1
2017-10-31,5.17
2017-11-01,5.18
2017-11-02,5.15
2017-11-03,5.22
2017-11-06,5.24
2017-11-07,5.3
2017-11-08,5.23
2017-11-09,5.13
2017-11-10,5.4
2017-11-13,5.32
2017-11-14,5.35
2017-11-15,5.25
2017-11-16,5.29
2017-11-17,5.28
2017-11-20,5.35
2017-11-21,5.4
2017-11-22,5.37
2017-11-24,5.42
2017-11-27,5.35
2017-11-28,5.27
2017-11-29,4.91
2017-11-30,5.02
2017-12-01,4.94
2017-12-04,4.67
2017-12-05,4.69
2017-12-06,4.73
2017-12-07,4.8
2017-12-08,4.79
2017-12-11,4.87
2017-12-12,4.77
2017-12-13,4.65
2017-12-14,4.66
2017-12-15,4.79
2017-12-18,4.95
2017-12-19,4.9
2017-12-20,4.92
2017-12-21,4.9
2017-12-22,4.88
2017-12-26,4.94
2017-12-27,4.93
2017-12-28,4.94
2017-12-29,4.84
2018-01-02,4.98
2018-01-03,5.31
2018-01-04,5.34
2018-01-05,5.39
2018-01-08,5.55
2018-01-09,5.55
2018-01-10,5.59
2018-01-11,5.6
2018-01-12,5.57
2018-01-16,5.5
2018-01-17,5.62
2018-01-18,5.61
2018-01-19,5.75
2018-01-22,5.84
2018-01-23,5.97
2018-01-24,5.9
2018-01-25,5.91
2018-01-26,6.08
2018-01-29,6.17
2018-01-30,6.07
2018-01-31,6.15
2018-02-01,6.01
2018-02-02,5.84
2018-02-05,5.34
2018-02-06,5.64
2018-02-07,5.72
2018-02-08,5.44
2018-02-09,5.8
2018-02-12,5.7
2018-02-13,5.82
2018-02-14,6.04
2018-02-15,6.16
2018-02-16,6.1
2018-02-20,6.23
2018-02-21,6.04
2018-02-22,6.05
2018-02-23,6.15
2018-02-26,6.16
2018-02-27,6.15
2018-02-28,6.05
2018-03-01,5.81
2018-03-02,5.91
2018-03-05,5.89
2018-03-06,6.05
2018-03-07,6.05
2018-03-08,6.03
2018-03-09,6.13
2018-03-12,6.24
2018-03-13,6.19
2018-03-14,6.22
2018-03-15,6.23
2018-03-16,6.26
2018-03-19,6.03
2018-03-20,6.24
2018-03-21,6.21
2018-03-22,6.05
2018-03-23,5.82
2018-03-26,6.11
2018-03-27,5.64
2018-03-28,5.53
2018-03-29,5.79
2018-04-02,5.53
2018-04-03,5.63
2018-04-04,5.66
2018-04-05,5.53
2018-04-06,5.36
2018-04-09,5.39
2018-04-10,5.7
2018-04-11,5.66
2018-04-12,5.87
2018-04-13,5.79
2018-04-16,5.79
2018-04-17,5.94
2018-04-18,5.91
2018-04-19,5.73
2018-04-20,5.72
2018-04-23,5.6
2018-04-24,5.53
2018-04-25,5.42
2018-04-26,5.63
2018-04-27,5.66
2018-04-30,5.62
2018-05-01,5.68
2018-05-02,5.66
2018-05-03,5.82
2018-05-04,5.98
2018-05-07,6.22
2018-05-08,6.26
2018-05-09,6.39
2018-05-10,6.5
2018-05-11,6.36
2018-05-14,6.38
2018-05-15,6.14
2018-05-16,6.15
2018-05-17,6.19
2018-05-18,6.15
2018-05-21,6.11
2018-05-22,6.07
2018-05-23,6.19
2018-05-24,6.19
2018-05-25,6.23
2018-05-29,6.21
2018-05-30,6.32
2018-05-31,6.3
2018-06-01,6.44
2018-06-04,6.62
2018-06-05,6.63
2018-06-06,6.63
2018-06-07,6.57
2018-06-08,6.56
2018-06-11,6.52
2018-06-12,6.56
2018-06-13,6.56
2018-06-14,6.67
2018-06-15,6.63
2018-06-18,6.63
2018-06-19,6.5
2018-06-20,6.56
2018-06-21,6.43
2018-06-22,6.27
2018-06-25,5.98
2018-06-26,6.05
2018-06-27,5.89
2018-06-28,6.02
2018-06-29,5.92
2018-07-02,6.06
2018-07-03,5.92
2018-07-05,6.07
2018-07-06,6.18
2018-07-09,6.23
2018-07-10,6.33
2018-07-11,6.19
2018-07-12,6.28
2018-07-13,6.23
2018-07-16,6.21
2018-07-17,6.34
2018-07-18,6.29
2018-07-19,6.3
2018-07-20,6.27
2018-07-23,6.24
2018-07-24,6.22
2018-07-25,6.3
2018-07-26,6.37
2018-07-27,6.3
2018-07-30,6.1
2018-07-31,6.12
2018-08-01,6.16
2018-08-02,6.27
2018-08-03,6.3
2018-08-06,6.35
2018-08-07,6.42
2018-08-08,6.46
2018-08-09,6.41
2018-08-10,6.37
2018-08-13,6.4
2018-08-14,6.54
2018-08-15,6.48
2018-08-16,6.44
2018-08-17,6.12
2018-08-20,6.2
2018-08-21,6.33
2018-08-22,6.57
2018-08-23,6.67
2018-08-24,6.81
2018-08-27,6.9
2018-08-28,6.86
2018-08-29,6.96
2018-08-30,6.95
2018-08-31,7.02
2018-09-04,7.09
2018-09-05,6.96
2018-09-06,6.82
2018-09-07,6.8
2018-09-10,6.87
2018-09-11,6.82
2018-09-12,6.71
2018-09-13,6.78
2018-09-14,6.91
2018-09-17,6.85
2018-09-18,6.78
2018-09-19,6.8
2018-09-20,6.66
2018-09-21,6.59
2018-09-24,6.64
2018-09-25,6.71
2018-09-26,6.67
2018-09-27,6.69
2018-09-28,7.03
2018-10-01,7.23
2018-10-02,7.16
2018-10-03,7.17
2018-10-04,6.98
2018-10-05,6.75
2018-10-08,6.64
2018-10-09,6.64
2018-10-10,6.14
2018-10-11,5.88
2018-10-12,6.16
2018-10-15,5.88
2018-10-16,6.15
2018-10-17,6.08
2018-10-18,5.99
2018-10-19,5.73
2018-10-22,5.78
2018-10-23,5.53
2018-10-24,4.99
2018-10-25,5.2
2018-10-26,4.96
2018-10-29,4.64
2018-10-30,5.08
2018-10-31,5.27
2018-11-01,5.45
2018-11-02,5.37
2018-11-05,5.29
2018-11-06,5.28
2018-11-07,5.34
2018-11-08,5.15
2018-11-09,5.14
2018-11-12,4.74
2018-11-13,4.98
2018-11-14,4.93
2018-11-15,5.06
2018-11-16,4.11
2018-11-19,3.62
2018-11-20,3.73
2018-11-21,3.62
2018-11-23,3.63
2018-11-26,3.83
2018-11-27,3.84
2018-11-28,4.0
2018-11-29,3.93
2018-11-30,4.09
2018-12-03,4.25
2018-12-04,3.93
2018-12-06,3.96
2018-12-07,3.69
2018-12-10,3.8
2018-12-11,3.7
2018-12-12,3.72
2018-12-13,3.72
2018-12-14,3.66
2018-12-17,3.59
2018-12-18,3.67
2018-12-19,3.46
2018-12-20,3.38
2018-12-21,3.24
2018-12-24,3.18
2018-12-26,3.33
2018-12-27,3.28
2018-12-28,3.34
2018-12-31,3.34
2019-01-02,3.41
2019-01-03,3.2
2019-01-04,3.4
2019-01-07,3.59
2019-01-08,3.5
2019-01-09,3.56
2019-01-10,3.63
2019-01-11,3.72
2019-01-14,3.76
2019-01-15,3.75
2019-01-16,3.72
2019-01-17,3.79
2019-01-18,3.92
2019-01-22,3.72
2019-01-23,3.73
2019-01-24,3.95
2019-01-25,4.0
2019-01-28,3.45
2019-01-29,3.29
2019-01-30,3.43
2019-01-31,3.59
2019-02-01,3.62
2019-02-04,3.73
2019-02-05,3.75
2019-02-06,3.83
2019-02-07,3.69
2019-02-08,3.7
2019-02-11,3.66
2019-02-12,3.78
2019-02-13,3.82
2019-02-14,3.86
2019-02-15,3.93
2019-02-19,3.92
2019-02-20,3.96
2019-02-21,3.89
2019-02-22,3.98
2019-02-25,3.97
2019-02-26,3.93
2019-02-27,3.89
2019-02-28,3.86
2019-03-01,3.91
2019-03-04,3.92
2019-03-05,3.91
2019-03-06,3.8
2019-03-07,3.73
2019-03-08,3.77
2019-03-11,4.03
2019-03-12,4.06
2019-03-13,4.22
2019-03-14,4.14
2019-03-15,4.25
2019-03-18,4.22
2019-03-19,4.39
2019-03-20,4.36
2019-03-21,4.6
2019-03-22,4.44
2019-03-25,4.34
2019-03-26,4.42
2019-03-27,4.41
2019-03-28,4.43
2019-03-29,4.49
2019-04-01,4.56
2019-04-02,4.58
2019-04-03,4.72
2019-04-04,4.71
2019-04-05,4.77
2019-04-08,4.79
2019-04-09,4.73
2019-04-10,4.8
2019-04-11,4.79
2019-04-12,4.75
2019-04-15,4.62
2019-04-16,4.71
2019-04-17,4.68
2019-04-18,4.66
2019-04-22,4.71
2019-04-23,4.77
2019-04-24,4.78
2019-04-25,4.67
2019-04-26,4.45
2019-04-29,4.48
2019-04-30,4.53
2019-05-01,4.51
2019-05-02,4.58
2019-05-03,4.58
2019-05-06,4.5
2019-05-07,4.33
2019-05-08,4.35
2019-05-09,4.25
2019-05-10,4.22
2019-05-13,3.96
2019-05-14,4.05
2019-05-15,3.99
2019-05-16,4.0
2019-05-17,3.91
2019-05-20,3.79
2019-05-21,3.88
2019-05-22,3.81
2019-05-23,3.68
2019-05-24,3.63
2019-05-28,3.58
2019-05-29,3.51
2019-05-30,3.48
2019-05-31,3.39
2019-06-03,3.34
2019-06-04,3.58
2019-06-05,3.53
2019-06-06,3.59
2019-06-07,3.64
2019-06-10,3.71
2019-06-11,3.77
2019-06-12,3.66
2019-06-13,3.71
2019-06-14,3.62
2019-06-17,3.63
2019-06-18,3.82
2019-06-19,3.83
2019-06-20,3.85
2019-06-21,3.79
2019-06-24,3.82
2019-06-25,3.79
2019-06-26,3.98
2019-06-27,4.08
2019-06-28,4.11
2019-07-01,4.15
2019-07-02,4.06
2019-07-03,4.07
2019-07-05,4.01
2019-07-08,3.93
2019-07-09,3.93
2019-07-10,4.0
2019-07-11,4.16
2019-07-12,4.19
2019-07-15,4.18
2019-07-16,4.18
2019-07-17,4.24
2019-07-18,4.25
2019-07-19,4.21
2019-07-22,4.28
2019-07-23,4.39
2019-07-24,4.47
2019-07-25,4.33
2019-07-26,4.38
2019-07-29,4.37
2019-07-30,4.39
2019-07-31,4.22
2019-08-01,4.12
2019-08-02,4.03
2019-08-05,3.77
2019-08-06,3.81
2019-08-07,3.85
2019-08-08,3.96
2019-08-09,3.85
2019-08-12,3.79
2019-08-13,3.9
2019-08-14,3.75
2019-08-15,3.72
2019-08-16,3.99
2019-08-19,4.27
2019-08-20,4.2
2019-08-21,4.28
2019-08-22,4.29
2019-08-23,4.06
2019-08-26,4.14
2019-08-27,4.05
2019-08-28,4.03
2019-08-29,4.18
2019-08-30,4.19
2019-09-03,4.1
2019-09-04,4.22
2019-09-05,4.49
2019-09-06,4.47
2019-09-09,4.51
2019-09-10,4.58
2019-09-11,4.61
2019-09-12,4.61
2019-09-13,4.55
2019-09-16,4.51
2019-09-17,4.53
2019-09-18,4.5
2019-09-19,4.42
2019-09-20,4.32
2019-09-23,4.37
2019-09-24,4.31
2019-09-25,4.46
2019-09-26,4.43
2019-09-27,4.29
2019-09-30,4.35
2019-10-01,4.35
2019-10-02,4.33
2019-10-03,4.53
2019-10-04,4.55
2019-10-07,4.61
2019-10-08,4.43
2019-10-09,4.52
2019-10-10,4.58
2019-10-11,4.65
2019-10-14,4.66
2019-10-15,4.91
2019-10-16,4.86
2019-10-17,4.86
2019-10-18,4.76
2019-10-21,4.9
2019-10-22,4.89
2019-10-23,4.88
2019-10-24,4.92
2019-10-25,5.11
2019-10-28,5.17
2019-10-29,5.07
2019-10-30,5.08
2019-10-31,5.03
2019-11-01,5.06
2019-11-04,5.26
2019-11-05,5.24
2019-11-06,5.19
2019-11-07,5.21
2019-11-08,5.19
2019-11-11,5.2
2019-11-12,5.24
2019-11-13,5.21
2019-11-14,5.24
2019-11-15,5.1
2019-11-18,5.31
2019-11-19,5.2
2019-11-20,5.28
2019-11-21,5.25
2019-11-22,5.27
2019-11-25,5.53
2019-11-26,5.43
2019-11-27,5.46
2019-11-29,5.42
2019-12-02,5.23
2019-12-03,5.19
2019-12-04,5.24
2019-12-05,5.22
2019-12-06,5.3
2019-12-09,5.3
2019-12-10,5.35
2019-12-11,5.43
2019-12-12,5.6
2019-12-13,5.6
2019-12-16,5.63
2019-12-17,5.71
2019-12-18,5.74
2019-12-19,5.89
2019-12-20,5.98
2019-12-23,5.97
2019-12-24,5.97
2019-12-26,5.98
2019-12-27,5.92
2019-12-30,5.81
2019-12-31,5.88
2020-01-02,6.0
2020-01-03,5.9
2020-01-06,5.93
2020-01-07,6.0
2020-01-08,6.01
2020-01-09,6.08
2020-01-10,6.11
2020-01-13,6.3
2020-01-14,6.18
2020-01-15,6.14
2020-01-16,6.22
2020-01-17,6.23
2020-01-21,6.2
2020-01-22,6.25
2020-01-23,6.32
2020-01-24,6.26
2020-01-27,6.01
2020-01-28,6.2
2020-01-29,6.14
2020-01-30,6.15
2020-01-31,5.91
2020-02-03,6.01
2020-02-04,6.18
2020-02-05,6.27
2020-02-06,6.36
2020-02-07,6.29
2020-02-10,6.57
2020-02-11,6.7
2020-02-12,6.81
2020-02-13,6.77
2020-02-14,7.24
2020-02-18,7.41
2020-02-19,7.87
2020-02-20,7.72
2020-02-21,7.35
2020-02-24,6.83
2020-02-25,6.55
2020-02-26,6.69
2020-02-27,6.32
2020-02-28,6.75
2020-03-02,6.91
2020-03-03,6.65
2020-03-04,7.11
2020-03-05,6.83
2020-03-06,6.65
2020-03-09,6.14
2020-03-10,6.53
2020-03-11,6.16
2020-03-12,5.41
2020-03-13,6.02
2020-03-16,4.91
2020-03-17,5.43
2020-03-18,5.07
2020-03-19,5.32
2020-03-20,5.14
2020-03-23,5.32
2020-03-24,6.23
2020-03-25,6.14
2020-03-26,6.43
2020-03-27,6.32
2020-03-30,6.64
2020-03-31,6.59
2020-04-01,6.08
2020-04-02,6.39
2020-04-03,6.1
2020-04-06,6.71
2020-04-07,6.48
2020-04-08,6.67
2020-04-09,6.57
2020-04-13,6.75
2020-04-14,7.1
2020-04-15,7.02
2020-04-16,7.37
2020-04-17,7.31
2020-04-20,7.18
2020-04-21,6.74
2020-04-22,7.15
2020-04-23,7.1
2020-04-24,7.24
2020-04-27,7.43
2020-04-28,7.28
2020-04-29,7.46
2020-04-30,7.31
2020-05-01,7.07
2020-05-04,7.28
2020-05-05,7.34
2020-05-06,7.44
2020-05-07,7.62
2020-05-08,7.81
2020-05-11,8.07
2020-05-12,7.8
2020-05-13,7.78
2020-05-14,8.03
2020-05-15,8.49
2020-05-18,8.75
2020-05-19,8.81
2020-05-20,8.97
2020-05-21,8.78
2020-05-22,9.03
2020-05-26,8.72
2020-05-27,8.53
2020-05-28,8.49
2020-05-29,8.88
2020-06-01,8.81
2020-06-02,8.83
2020-06-03,8.77
2020-06-04,8.77
2020-06-05,8.92
2020-06-08,8.81
2020-06-09,9.05
2020-06-10,9.37
2020-06-11,8.8
2020-06-12,8.93
2020-06-15,9.17
2020-06-16,9.07
2020-06-17,9.24
2020-06-18,9.22
2020-06-19,9.26
2020-06-22,9.53
2020-06-23,9.45
2020-06-24,9.24
2020-06-25,9.49
2020-06-26,9.16
2020-06-29,9.2
2020-06-30,9.5
2020-07-01,9.53
2020-07-02,9.61
2020-07-06,9.84
2020-07-07,9.87
2020-07-08,10.22
2020-07-09,10.51
2020-07-10,10.48
2020-07-13,10.05
2020-07-14,10.38
2020-07-15,10.23
2020-07-16,10.13
2020-07-17,10.2
2020-07-20,10.51
2020-07-21,10.33
2020-07-22,10.44
2020-07-23,10.13
2020-07-24,10.19
2020-07-27,10.42
2020-07-28,10.22
2020-07-29,10.47
2020-07-30,10.61
2020-07-31,10.61
2020-08-03,11.01
2020-08-04,11.23
2020-08-05,11.29
2020-08-06,11.34
2020-08-07,11.2
2020-08-10,11.17
2020-08-11,10.85
2020-08-12,11.44
2020-08-13,11.44
2020-08-14,11.56
2020-08-17,12.34
2020-08-18,12.26
2020-08-19,12.14
2020-08-20,12.14
2020-08-21,12.68
2020-08-24,12.72
2020-08-25,12.75
2020-08-26,12.77
2020-08-27,12.63
2020-08-28,13.15
2020-08-31,13.37
2020-09-01,13.82
2020-09-02,14.35
2020-09-03,13.02
2020-09-04,12.62
2020-09-08,11.91
2020-09-09,12.72
2020-09-10,12.31
2020-09-11,12.16
2020-09-14,12.87
2020-09-15,12.99
2020-09-16,12.51
2020-09-17,12.46
2020-09-18,12.19
2020-09-21,12.52
2020-09-22,12.64
2020-09-23,12.12
2020-09-24,12.35
2020-09-25,12.87
2020-09-28,13.04
2020-09-29,13.23
2020-09-30,13.53
2020-10-01,13.61
2020-10-02,13.06
2020-10-05,13.64
2020-10-06,13.74
2020-10-07,13.96
2020-10-08,13.84
2020-10-09,13.76
2020-10-12,14.23
2020-10-13,14.25
2020-10-14,14.1
2020-10-15,13.97
2020-10-16,13.81
2020-10-19,13.5
2020-10-20,13.65
2020-10-21,13.52
2020-10-22,13.36
2020-10-23,13.59
2020-10-26,13.14
2020-10-27,13.4
2020-10-28,12.63
2020-10-29,13.02
2020-10-30,12.53
2020-11-02,12.58
2020-11-03,13.02
2020-11-04,13.79
2020-11-05,14.16
2020-11-06,14.56
2020-11-09,13.63
2020-11-10,12.77
2020-11-11,13.42
2020-11-12,13.46
2020-11-13,13.3
2020-11-16,13.52
2020-11-17,13.42
2020-11-18,13.43
2020-11-19,13.44
2020-11-20,13.09
2020-11-23,13.14
2020-11-24,12.96
2020-11-25,13.23
2020-11-27,13.26
2020-11-30,13.4
2020-12-01,13.39
2020-12-02,13.54
2020-12-03,13.4
2020-12-04,13.56
2020-12-07,13.61
2020-12-08,13.35
2020-12-09,12.93
2020-12-10,12.97
2020-12-11,13.01
2020-12-14,13.31
2020-12-15,13.36
2020-12-16,13.24
2020-12-17,13.34
2020-12-18,13.27
2020-12-21,13.33
2020-12-22,13.28
2020-12-23,13.01
2020-12-24,12.99
2020-12-28,12.9
2020-12-29,12.94
2020-12-30,13.15
2020-12-31,13.06
2021-01-04,13.11
2021-01-05,13.4
2021-01-06,12.61
2021-01-07,13.34
2021-01-08,13.28
2021-01-11,13.62
2021-01-12,13.48
2021-01-13,13.53
2021-01-14,13.2
2021-01-15,12.86
2021-01-19,13.03
2021-01-20,13.37
2021-01-21,13.87
2021-01-22,13.71
2021-01-25,13.65
2021-01-26,13.44
2021-01-27,12.92
2021-01-28,13.05
2021-01-29,12.99
2021-02-01,13.24
2021-02-02,13.56
2021-02-03,13.53
2021-02-04,13.66
2021-02-05,13.59
2021-02-08,14.44
2021-02-09,14.26
2021-02-10,14.76
2021-02-11,15.25
2021-02-12,14.96
2021-02-16,15.33
2021-02-17,14.91
2021-02-18,14.83
2021-02-19,14.93
2021-02-22,14.36
2021-02-23,14.14
2021-02-24,14.5
2021-02-25,13.31
2021-02-26,13.71
2021-03-01,13.84
2021-03-02,13.41
2021-03-03,12.8
2021-03-04,12.37
2021-03-05,12.46
2021-03-08,11.59
2021-03-09,12.52
2021-03-10,12.47
2021-03-11,12.99
2021-03-12,12.86
2021-03-15,13.19
2021-03-16,13.29
2021-03-17,13.34
2021-03-18,12.72
2021-03-19,12.85
2021-03-22,13.19
2021-03-23,13.07
2021-03-24,12.64
2021-03-25,12.54
2021-03-26,12.84
2021-03-29,12.95
2021-03-30,12.87
2021-03-31,13.35
2021-04-01,13.81
2021-04-05,13.99
2021-04-06,13.86
2021-04-07,14.14
2021-04-08,14.32
2021-04-09,14.4
2021-04-12,15.21
2021-04-13,15.68
2021-04-14,15.28
2021-04-15,16.14
2021-04-16,15.91
2021-04-19,15.36
2021-04-20,15.17
2021-04-21,15.36
2021-04-22,14.85
2021-04-23,15.27
2021-04-26,15.48
2021-04-27,15.38
2021-04-28,15.28
2021-04-29,15.32
2021-04-30,15.01
2021-05-03,14.84
2021-05-04,14.35
2021-05-05,14.46
2021-05-06,14.52
2021-05-07,14.81
2021-05-10,14.27
2021-05-11,14.31
2021-05-12,13.76
2021-05-13,13.67
2021-05-14,14.24
2021-05-17,14.17
2021-05-18,14.02
2021-05-19,14.07
2021-05-20,14.61
2021-05-21,14.99
2021-05-24,15.61
2021-05-25,15.65
2021-05-26,15.7
2021-05-27,15.49
2021-05-28,16.24
2021-06-01,16.26
2021-06-02,16.78
2021-06-03,16.97
2021-06-04,17.58
2021-06-07,17.62
2021-06-08,17.46
2021-06-09,17.36
2021-06-10,17.43
2021-06-11,17.83
2021-06-14,18.02
2021-06-15,17.79
2021-06-16,17.81
2021-06-17,18.66
2021-06-18,18.64
2021-06-21,18.43
2021-06-22,18.89
2021-06-23,19.06
2021-06-24,19.21
2021-06-25,19.03
2021-06-28,19.99
2021-06-29,20.03
2021-06-30,20.0
2021-07-01,20.21
2021-07-02,20.49
2021-07-06,20.7
2021-07-07,20.37
2021-07-08,19.9
2021-07-09,20.05
2021-07-12,20.51
2021-07-13,20.25
2021-07-14,19.84
2021-07-15,18.97
2021-07-16,18.16
2021-07-19,18.78
2021-07-20,18.61
2021-07-21,19.41
2021-07-22,19.59
2021-07-23,19.56
2021-07-26,19.29
2021-07-27,19.21
2021-07-28,19.5
2021-07-29,19.66
2021-07-30,19.5
2021-08-02,19.75
2021-08-03,19.82
2021-08-04,20.27
2021-08-05,20.64
2021-08-06,20.37
2021-08-09,20.3
2021-08-10,19.94
2021-08-11,19.7
2021-08-12,19.91
2021-08-13,20.19
2021-08-16,19.95
2021-08-17,19.46
2021-08-18,19.04
2021-08-19,19.8
2021-08-20,20.82
2021-08-23,21.96
2021-08-24,21.79
2021-08-25,22.21
2021-08-26,22.07
2021-08-27,22.64
2021-08-30,22.69
2021-08-31,22.39
2021-09-01,22.44
2021-09-02,22.4
2021-09-03,22.84
2021-09-07,22.66
2021-09-08,22.34
2021-09-09,22.18
2021-09-10,22.48
2021-09-13,22.15
2021-09-14,22.24
2021-09-15,22.34
2021-09-16,22.24
2021-09-17,21.9
2021-09-20,21.11
2021-09-21,21.25
2021-09-22,21.94
2021-09-23,22.48
2021-09-24,22.08
2021-09-27,21.66
2021-09-28,20.7
2021-09-29,20.52
2021-09-30,20.72
2021-10-01,20.74
2021-10-04,19.73
2021-10-05,20.45
2021-10-06,20.7
2021-10-07,21.08
2021-10-08,20.83
2021-10-11,20.7
2021-10-12,20.67
2021-10-13,20.94
2021-10-14,21.75
2021-10-15,21.86
2021-10-18,22.22
2021-10-19,22.29
2021-10-20,22.1
2021-10-21,22.69
2021-10-22,22.73
2021-10-25,23.17
2021-10-26,24.72
2021-10-27,24.45
2021-10-28,24.94
2021-10-29,25.57
2021-11-01,25.83
2021-11-02,26.4
2021-11-03,26.6
2021-11-04,29.8
2021-11-05,29.75
2021-11-08,30.8
2021-11-09,30.66
2021-11-10,29.46
2021-11-11,30.39
2021-11-12,30.39
2021-11-15,30.03
2021-11-16,30.2
2021-11-17,29.26
2021-11-18,31.68
2021-11-19,32.99
2021-11-22,31.96
2021-11-23,31.75
2021-11-24,32.67
2021-11-26,31.5
2021-11-29,33.38
2021-11-30,32.68
2021-12-01,31.44
2021-12-02,32.13
2021-12-03,30.69
2021-12-06,30.04
2021-12-07,32.43
2021-12-08,31.83
2021-12-09,30.49
2021-12-10,30.2
2021-12-13,28.16
2021-12-14,28.34
2021-12-15,30.46
2021-12-16,28.39
2021-12-17,27.8
2021-12-20,27.72
2021-12-21,29.08
2021-12-22,29.4
2021-12-23,29.64
2021-12-27,30.95
2021-12-28,30.32
2021-12-29,30.0
2021-12-30,29.59
2021-12-31,29.41
2022-01-03,30.12
2022-01-04,29.29
2022-01-05,27.6
2022-01-06,28.18
2022-01-07,27.25
2022-01-10,27.4
2022-01-11,27.82
2022-01-12,28.0
2022-01-13,26.58
2022-01-14,26.94
2022-01-18,25.9
2022-01-19,25.07
2022-01-20,24.15
2022-01-21,23.37
2022-01-24,23.37
2022-01-25,22.32
2022-01-26,22.77
2022-01-27,21.94
2022-01-28,22.84
2022-01-31,24.49
2022-02-01,24.64
2022-02-02,25.24
2022-02-03,23.95
2022-02-04,24.32
2022-02-07,24.73
2022-02-08,25.11
2022-02-09,26.71
2022-02-10,25.82
2022-02-11,23.95
2022-02-14,24.27
2022-02-15,26.5
2022-02-16,26.51
2022-02-17,24.51
2022-02-18,23.64
2022-02-22,23.39
2022-02-23,22.39
2022-02-24,23.75
2022-02-25,24.16
2022-02-28,24.39
2022-03-01,23.48
2022-03-02,24.22
2022-03-03,23.71
2022-03-04,22.94
2022-03-07,21.35
2022-03-08,21.51
2022-03-09,23.01
2022-03-10,22.66
2022-03-11,22.1
2022-03-14,21.33
2022-03-15,22.97
2022-03-16,24.5
2022-03-17,24.77
2022-03-18,26.45
2022-03-21,26.73
2022-03-22,26.52
2022-03-23,25.63
2022-03-24,28.15
2022-03-25,27.69
2022-03-28,28.22
2022-03-29,28.66
2022-03-30,27.69
2022-03-31,27.29
2022-04-01,26.71
2022-04-04,27.36
2022-04-05,25.93
2022-04-06,24.41
2022-04-07,24.21
2022-04-08,23.12
2022-04-11,21.92
2022-04-12,21.5
2022-04-13,22.2
2022-04-14,21.26
2022-04-18,21.78
2022-04-19,22.2
2022-04-20,21.48
2022-04-21,20.18
2022-04-22,19.52
2022-04-25,19.9
2022-04-26,18.79
2022-04-27,18.42
2022-04-28,19.78
2022-04-29,18.55
2022-05-02,19.53
2022-05-03,19.6
2022-05-04,20.33
2022-05-05,18.84
2022-05-06,18.68
2022-05-09,16.95
2022-05-10,17.6
2022-05-11,16.63
2022-05-12,16.18
2022-05-13,17.71
2022-05-16,17.26
2022-05-17,18.18
2022-05-18,16.94
2022-05-19,17.12
2022-05-20,16.69
2022-05-23,16.9
2022-05-24,16.15
2022-05-25,16.98
2022-05-26,17.85
2022-05-27,18.81
2022-05-31,18.67
2022-06-01,18.32
2022-06-02,19.59
2022-06-03,18.72
2022-06-06,18.79
2022-06-07,18.93
2022-06-08,18.65
2022-06-09,18.05
2022-06-10,16.97
2022-06-13,15.65
2022-06-14,15.84
2022-06-15,16.53
2022-06-16,15.6
2022-06-17,15.88
2022-06-21,16.57
2022-06-22,16.36
2022-06-23,16.23
2022-06-24,17.13
2022-06-27,16.87
2022-06-28,15.98
2022-06-29,15.54
2022-06-30,15.16
2022-07-01,14.52
2022-07-05,14.96
2022-07-06,15.13
2022-07-07,15.86
2022-07-08,15.84
2022-07-11,15.15
2022-07-12,15.08
2022-07-13,15.16
2022-07-14,15.37
2022-07-15,15.76
2022-07-18,16.1
2022-07-19,16.99
2022-07-20,17.81
2022-07-21,18.05
2022-07-22,17.32
2022-07-25,17.02
2022-07-26,16.53
2022-07-27,17.79
2022-07-28,17.98
2022-07-29,18.16
2022-08-01,18.44
2022-08-02,18.53
2022-08-03,18.89
2022-08-04,19.22
2022-08-05,18.99
2022-08-08,17.79
2022-08-09,17.09
2022-08-10,18.1
2022-08-11,17.94
2022-08-12,18.71
2022-08-15,19.03
2022-08-16,18.88
2022-08-17,18.34
2022-08-18,18.77
2022-08-19,17.85
2022-08-22,17.03
2022-08-23,17.18
2022-08-24,17.22
2022-08-25,17.91
2022-08-26,16.26
2022-08-29,15.8
2022-08-30,15.47
2022-08-31,15.09
2022-09-01,13.94
2022-09-02,13.65
2022-09-06,13.47
2022-09-07,13.71
2022-09-08,13.99
2022-09-09,14.39
2022-09-12,14.51
2022-09-13,13.13
2022-09-14,13.13
2022-09-15,12.93
2022-09-16,13.2
2022-09-19,13.38
2022-09-20,13.18
2022-09-21,13.26
2022-09-22,12.56
2022-09-23,12.52
2022-09-26,12.23
2022-09-27,12.41
2022-09-28,12.74
2022-09-29,12.22
2022-09-30,12.14
2022-10-03,12.51
2022-10-04,13.17
2022-10-05,13.21
2022-10-06,13.13
2022-10-07,12.08
2022-10-10,11.67
2022-10-11,11.59
2022-10-12,11.5
2022-10-13,11.96
2022-10-14,11.23
2022-10-17,11.89
2022-10-18,11.97
2022-10-19,12.05
2022-10-20,12.19
2022-10-21,12.47
2022-10-24,12.6
2022-10-25,13.26
2022-10-26,12.9
2022-10-27,13.18
2022-10-28,13.83
2022-10-31,13.5
2022-11-01,13.54
2022-11-02,13.22
2022-11-03,13.42
2022-11-04,14.16
2022-11-07,14.3
2022-11-08,14.6
2022-11-09,13.78
2022-11-10,15.75
2022-11-11,16.33
2022-11-14,16.3
2022-11-15,16.67
2022-11-16,15.91
2022-11-17,15.68
2022-11-18,15.41
2022-11-21,15.32
2022-11-22,16.04
2022-11-23,16.52
2022-11-25,16.27
2022-11-28,15.83
2022-11-29,15.64
2022-11-30,16.92
2022-12-01,17.14
2022-12-02,16.88
2022-12-05,16.61
2022-12-06,15.99
2022-12-07,16.12
2022-12-08,17.17
2022-12-09,17.0
2022-12-12,17.54
2022-12-13,18.07
2022-12-14,17.67
2022-12-15,16.95
2022-12-16,16.57
2022-12-19,16.25
2022-12-20,16.09
2022-12-21,16.5
2022-12-22,15.34
2022-12-23,15.21
2022-12-27,14.12
2022-12-28,14.04
2022-12-29,14.6
2022-12-30,14.61
2023-01-03,14.32
2023-01-04,14.75
2023-01-05,14.27
2023-01-06,14.86
2023-01-09,15.63
2023-01-10,15.91
2023-01-11,16.0
2023-01-12,16.51
2023-01-13,16.9
2023-01-17,17.7
2023-01-18,17.38
2023-01-19,16.77
2023-01-20,17.84
2023-01-23,19.19
2023-01-24,19.27
2023-01-25,19.32
2023-01-26,19.8
2023-01-27,20.37
2023-01-30,19.16
2023-01-31,19.54
2023-02-01,20.94
2023-02-02,21.71
2023-02-03,21.1
2023-02-06,21.09
2023-02-07,22.17
2023-02-08,22.21
2023-02-09,22.34
2023-02-10,21.27
2023-02-13,21.79
2023-02-14,22.97
2023-02-15,22.76
2023-02-16,22.0
2023-02-17,21.39
2023-02-21,20.66
2023-02-22,20.75
2023-02-23,23.66
2023-02-24,23.29
2023-02-27,23.5
2023-02-28,23.22
2023-03-01,22.7
2023-03-02,23.31
2023-03-03,23.89
2023-03-06,23.55
2023-03-07,23.29
2023-03-08,24.18
2023-03-09,23.44
2023-03-10,22.97
2023-03-13,22.97
2023-03-14,24.06
2023-03-15,24.23
2023-03-16,25.54
2023-03-17,25.73
2023-03-20,25.9
2023-03-21,26.2
2023-03-22,26.47
2023-03-23,27.19
2023-03-24,26.78
2023-03-27,26.53
2023-03-28,26.41
2023-03-29,26.98
2023-03-30,27.38
2023-03-31,27.78
2023-04-03,27.97
2023-04-04,27.45
2023-04-05,26.88
2023-04-06,27.04
2023-04-10,27.58
2023-04-11,27.17
2023-04-12,26.5
2023-04-13,26.46
2023-04-14,26.76
2023-04-17,27.0
2023-04-18,27.67
2023-04-19,27.93
2023-04-20,27.1
2023-04-21,27.12
2023-04-24,27.04
2023-04-25,26.24
2023-04-26,26.96
2023-04-27,27.23
2023-04-28,27.75
2023-05-01,28.91
2023-05-02,28.21
2023-05-03,27.8
2023-05-04,27.56
2023-05-05,28.68
2023-05-08,29.15
2023-05-09,28.57
2023-05-10,28.89
2023-05-11,28.58
2023-05-12,28.34
2023-05-15,28.95
2023-05-16,29.21
2023-05-17,30.18
2023-05-18,31.68
2023-05-19,31.26
2023-05-22,31.18
2023-05-23,30.69
2023-05-24,30.54
2023-05-25,37.98
2023-05-26,38.95
2023-05-30,40.11
2023-05-31,37.83
2023-06-01,39.77
2023-06-02,39.33
2023-06-05,39.17
2023-06-06,38.65
2023-06-07,37.48
2023-06-08,38.51
2023-06-09,38.77
2023-06-12,39.48
2023-06-13,41.02
2023-06-14,43.0
2023-06-15,42.65
2023-06-16,42.69
2023-06-20,43.81
2023-06-21,43.05
2023-06-22,43.03
2023-06-23,42.21
2023-06-26,40.63
2023-06-27,41.88
2023-06-28,41.12
2023-06-29,40.82
2023-06-30,42.3
2023-07-03,42.41
2023-07-05,42.32
2023-07-06,42.1
2023-07-07,42.5
2023-07-10,42.18
2023-07-11,42.41
2023-07-12,43.9
2023-07-13,45.98
2023-07-14,45.47
2023-07-17,46.46
2023-07-18,47.49
2023-07-19,47.08
2023-07-20,45.52
2023-07-21,44.31
2023-07-24,44.61
2023-07-25,45.68
2023-07-26,45.45
2023-07-27,45.9
2023-07-28,46.75
2023-07-31,46.73
2023-08-01,46.51
2023-08-02,44.27
2023-08-03,44.52
2023-08-04,44.68
2023-08-07,45.42
2023-08-08,44.66
2023-08-09,42.55
2023-08-10,42.39
2023-08-11,40.86
2023-08-14,43.75
2023-08-15,43.94
2023-08-16,43.49
2023-08-17,43.34
2023-08-18,43.3
2023-08-21,46.97
2023-08-22,45.67
2023-08-23,47.12
2023-08-24,47.16
2023-08-25,46.02
2023-08-28,46.84
2023-08-29,48.78
2023-08-30,49.26
2023-08-31,49.36
2023-09-01,48.51
2023-09-05,48.55
2023-09-06,47.06
2023-09-07,46.24
2023-09-08,45.57
2023-09-11,45.18
2023-09-12,44.87
2023-09-13,45.49
2023-09-14,45.58
2023-09-15,43.9
2023-09-18,43.97
2023-09-19,43.52
2023-09-20,42.24
2023-09-21,41.02
2023-09-22,41.61
2023-09-25,42.22
2023-09-26,41.91
2023-09-27,42.47
2023-09-28,43.09
2023-09-29,43.5
2023-10-02,44.78
2023-10-03,43.52
2023-10-04,44.04
2023-10-05,44.69
2023-10-06,45.76
2023-10-09,45.27
2023-10-10,45.8
2023-10-11,46.81
2023-10-12,46.95
2023-10-13,45.46
2023-10-16,46.1
2023-10-17,43.94
2023-10-18,42.2
2023-10-19,42.1
2023-10-20,41.39
2023-10-23,42.98
2023-10-24,43.66
2023-10-25,41.78
2023-10-26,40.33
2023-10-27,40.5
2023-10-30,41.16
2023-10-31,40.78
2023-11-01,42.33
2023-11-02,43.51
2023-11-03,45.01
2023-11-06,45.75
2023-11-07,45.96
2023-11-08,46.57
2023-11-09,46.95
2023-11-10,48.34
2023-11-13,48.62
2023-11-14,49.66
2023-11-15,48.89
2023-11-16,49.48
2023-11-17,49.3
2023-11-20,50.41
2023-11-21,49.94
2023-11-22,48.72
2023-11-24,47.78
2023-11-27,48.24
2023-11-28,47.82
2023-11-29,48.14
2023-11-30,46.77
2023-12-01,46.77
2023-12-04,45.51
2023-12-05,46.57
2023-12-06,45.5
2023-12-07,46.6
2023-12-08,47.51
2023-12-11,46.63
2023-12-12,47.66
2023-12-13,48.09
2023-12-14,48.35
2023-12-15,48.89
2023-12-18,50.08
2023-12-19,49.6
2023-12-20,48.11
2023-12-21,48.99
2023-12-22,48.83
2023-12-26,49.28
2023-12-27,49.42
2023-12-28,49.52
2023-12-29,49.52
2024-01-02,48.17
2024-01-03,47.57
2024-01-04,48.0
2024-01-05,49.1
2024-01-08,52.25
2024-01-09,53.14
2024-01-10,54.35
2024-01-11,54.82
2024-01-12,54.71
2024-01-16,56.38
2024-01-17,56.05
2024-01-18,57.11
2024-01-19,59.49
2024-01-22,59.65
2024-01-23,59.87
2024-01-24,61.36
2024-01-25,61.62
2024-01-26,61.03
2024-01-29,62.47
2024-01-30,62.77
2024-01-31,61.53
2024-02-01,63.03
2024-02-02,66.16
2024-02-05,69.33
2024-02-06,68.22
2024-02-07,70.1
2024-02-08,69.64
2024-02-09,72.13
2024-02-12,72.25
2024-02-13,72.13
2024-02-14,73.9
2024-02-15,72.66
2024-02-16,72.61
2024-02-20,69.45
2024-02-21,67.47
2024-02-22,78.54
2024-02-23,78.82
2024-02-26,79.09
2024-02-27,78.7
2024-02-28,77.66
2024-02-29,79.11
2024-03-01,82.28
2024-03-04,85.24
2024-03-05,85.96
2024-03-06,88.7
2024-03-07,92.67
2024-03-08,87.53
2024-03-11,85.77
2024-03-12,91.91
2024-03-13,90.89
2024-03-14,87.94
2024-03-15,87.84
2024-03-18,88.46
2024-03-19,89.4
2024-03-20,90.37
2024-03-21,91.44
2024-03-22,94.29
2024-03-25,95.0
2024-03-26,92.56
2024-03-27,90.25
2024-03-28,90.36
2024-04-01,90.36
2024-04-02,89.45
2024-04-03,88.96
2024-04-04,85.91
2024-04-05,88.01
2024-04-08,87.13
2024-04-09,85.35
2024-04-10,87.04
2024-04-11,90.62
2024-04-12,88.19
2024-04-15,86.0
2024-04-16,87.42
2024-04-17,84.04
2024-04-18,84.67
2024-04-19,76.2
2024-04-22,79.52
2024-04-23,82.42
2024-04-24,79.68
2024-04-25,82.63
2024-04-26,87.74
2024-04-29,87.76
2024-04-30,86.4
2024-05-01,83.04
2024-05-02,85.82
2024-05-03,88.79
2024-05-06,92.14
2024-05-07,90.55
2024-05-08,90.41
2024-05-09,88.75
2024-05-10,89.88
2024-05-13,90.4
2024-05-14,91.36
2024-05-15,94.63
2024-05-16,94.36
2024-05-17,92.48
2024-05-20,94.78
2024-05-21,95.39
2024-05-22,94.95
2024-05-23,103.8
2024-05-24,106.47
2024-05-28,113.9
2024-05-29,114.83
2024-05-30,110.5
2024-05-31,109.63
2024-06-03,115.0
2024-06-04,116.44
2024-06-05,122.44
2024-06-06,121.0
2024-06-07,120.89
2024-06-10,121.79
2024-06-11,120.91
2024-06-12,125.2
2024-06-13,129.61
2024-06-14,131.88
2024-06-17,130.98
2024-06-18,135.58
2024-06-20,130.78
2024-06-21,126.57
2024-06-24,118.11
2024-06-25,126.09
2024-06-26,126.4
2024-06-27,123.99
2024-06-28,123.54
2024-07-01,124.3
2024-07-02,122.67
2024-07-03,128.28
2024-07-05,125.83
2024-07-08,128.2
2024-07-09,131.38
2024-07-10,134.91
2024-07-11,127.4
2024-07-12,129.24
2024-07-15,128.44
2024-07-16,126.36
2024-07-17,117.99
2024-07-18,121.09
2024-07-19,117.93
2024-07-22,123.54
2024-07-23,122.59
2024-07-24,114.25
2024-07-25,112.28
2024-07-26,113.06
2024-07-29,111.59
2024-07-30,103.73
2024-07-31,117.02
2024-08-01,109.21
2024-08-02,107.27
2024-08-05,100.45
2024-08-06,104.25
2024-08-07,98.91
2024-08-08,104.97
2024-08-09,104.75
2024-08-12,109.02
2024-08-13,116.14
2024-08-14,118.08
2024-08-15,122.86
2024-08-16,124.58
2024-08-19,130.0
2024-08-20,127.25
2024-08-21,128.5
2024-08-22,123.74
2024-08-23,129.37
2024-08-26,126.46
2024-08-27,128.3
2024-08-28,125.61
2024-08-29,117.59
2024-08-30,119.37
2024-09-03,108.0
2024-09-04,106.21
2024-09-05,107.21
2024-09-06,102.83
2024-09-09,106.47
2024-09-10,108.1
2024-09-11,116.91
2024-09-12,119.14
2024-09-13,119.1
2024-09-16,116.78
2024-09-17,115.59
2024-09-18,113.37
2024-09-19,117.87
2024-09-20,116.0
2024-09-23,116.26
2024-09-24,120.87
2024-09-25,123.51
2024-09-26,124.04
2024-09-27,121.4
2024-09-30,121.44
2024-10-01,117.0
2024-10-02,118.85
2024-10-03,122.85
2024-10-04,124.92
2024-10-07,127.72
2024-10-08,132.89
2024-10-09,132.65
2024-10-10,134.81
2024-10-11,134.8
2024-10-14,138.07
2024-10-15,131.6
2024-10-16,135.72
2024-10-17,136.93
2024-10-18,138.0
2024-10-21,143.71
2024-10-22,143.59
2024-10-23,139.56
2024-10-24,140.41
2024-10-25,141.54
2024-10-28,140.52
2024-10-29,141.25
2024-10-30,139.34
2024-10-31,132.76
2024-11-01,135.4
2024-11-04,136.05
2024-11-05,139.91
2024-11-06,145.61
2024-11-07,148.88
2024-11-08,147.63
2024-11-11,145.26
2024-11-12,148.29
2024-11-13,146.27
2024-11-14,146.76
2024-11-15,141.98
2024-11-18,140.15
2024-11-19,147.01
2024-11-20,145.89
2024-11-21,146.67
2024-11-22,141.95
2024-11-25,136.02
2024-11-26,136.92
2024-11-27,135.34
2024-11-29,138.25
2024-12-02,138.63
2024-12-03,140.26
2024-12-04,145.14
2024-12-05,145.06
2024-12-06,142.44
2024-12-09,138.81
2024-12-10,135.07
2024-12-11,139.31
2024-12-12,137.34
2024-12-13,134.25
2024-12-16,132.0
2024-12-17,130.39
2024-12-18,128.91
2024-12-19,130.68
2024-12-20,134.7
2024-12-23,139.67
2024-12-24,140.22
2024-12-26,139.93
2024-12-27,137.01
2024-12-30,137.49
2024-12-31,134.29
2025-01-02,138.31
2025-01-03,144.47
2025-01-06,149.43
2025-01-07,140.14
2025-01-08,140.11
2025-01-10,135.91
2025-01-13,133.23
2025-01-14,131.76
2025-01-15,136.24
2025-01-16,133.57
2025-01-17,137.71
2025-01-21,140.83
2025-01-22,147.07
2025-01-23,147.22
2025-01-24,142.62
2025-01-27,118.42
2025-01-28,128.99
2025-01-29,123.7
2025-01-30,124.65
2025-01-31,120.07
2025-02-03,116.66
2025-02-04,118.65
2025-02-05,124.83
2025-02-06,128.68
2025-02-07,129.84
2025-02-10,133.57
2025-02-11,132.8
2025-02-12,131.14
2025-02-13,135.29
2025-02-14,138.85
2025-02-18,139.4
2025-02-19,139.23
2025-02-20,140.11
2025-02-21,134.43
2025-02-24,130.28
2025-02-25,126.63
2025-02-26,131.28
2025-02-27,120.15
2025-02-28,124.92
2025-03-03,114.06
2025-03-04,115.99
2025-03-05,117.3
2025-03-06,110.57
2025-03-07,112.69
2025-03-10,106.98
2025-03-11,108.76
2025-03-12,115.74
2025-03-13,115.58
2025-03-14,121.67
2025-03-17,119.53
2025-03-18,115.43
2025-03-19,117.52
2025-03-20,118.53
2025-03-21,117.7
2025-03-24,121.41
2025-03-25,120.69
2025-03-26,113.76
2025-03-27,111.43
2025-03-28,109.67
2025-03-31,108.38
2025-04-01,110.15
2025-04-02,110.42
2025-04-03,101.8
2025-04-04,94.31
2025-04-07,97.64
2025-04-08,96.3
2025-04-09,114.33
2025-04-10,107.57
2025-04-11,110.93
2025-04-14,110.71
2025-04-15,112.2
2025-04-16,104.49
2025-04-17,101.49
2025-04-21,96.91
2025-04-22,98.89
2025-04-23,102.71
2025-04-24,106.43
2025-04-25,111.01
2025-04-28,108.73
2025-04-29,109.02
2025-04-30,108.92
2025-05-01,111.61
2025-05-02,114.5
2025-05-05,113.82
2025-05-06,113.54
2025-05-07,117.06
2025-05-08,117.37
2025-05-09,116.65
2025-05-12,123.0
2025-05-13,129.93
2025-05-14,135.34
2025-05-15,134.83
2025-05-16,135.4
2025-05-19,135.57
2025-05-20,134.38
2025-05-21,131.8
2025-05-22,132.83
2025-05-23,131.29
2025-05-27,135.5
2025-05-28,134.81
2025-05-29,139.19
2025-05-30,135.13
2025-06-02,137.38
2025-06-03,141.22
2025-06-04,141.92
2025-06-05,139.99
2025-06-06,141.72
2025-06-09,142.63
2025-06-10,143.96
2025-06-11,142.83
2025-06-12,145.0
2025-06-13,141.97
2025-06-16,144.69
2025-06-17,144.12
2025-06-18,145.48
2025-06-20,143.85
2025-06-23,144.17
2025-06-24,147.9
2025-06-25,154.31
2025-06-26,155.02
2025-06-27,157.75
2025-06-30,157.99
2025-07-01,153.3
2025-07-02,157.25
2025-07-03,159.34
2025-07-07,158.24
2025-07-08,160.0
2025-07-09,162.88
2025-07-10,164.1
2025-07-11,164.92
2025-07-14,164.07
2025-07-15,170.7
2025-07-16,171.37
2025-07-17,173.0
2025-07-18,172.41
2025-07-21,171.38
2025-07-22,167.03
2025-07-23,170.78
2025-07-24,173.74
2025-07-25,173.5
2025-07-28,176.75
2025-07-29,175.51
2025-07-30,179.27
2025-07-31,177.87
2025-08-01,173.72
2025-08-04,180.0
2025-08-05,178.26
2025-08-06,179.42
2025-08-07,180.77
2025-08-08,182.7
2025-08-11,182.06
2025-08-12,183.16
2025-08-13,181.59
2025-08-14,182.02
2025-08-15,180.45
2025-08-18,182.01
2025-08-19,175.64
2025-08-20,175.4
2025-08-21,174.98
2025-08-22,177.99
2025-08-25,179.81
2025-08-26,181.77
2025-08-27,181.6
2025-08-28,180.17
2025-08-29,174.18
2025-09-02,170.78
2025-09-03,170.62
2025-09-04,171.66
2025-09-05,167.02
2025-09-08,168.31
2025-09-09,170.76
2025-09-10,177.33
2025-09-11,177.17
2025-09-12,177.82
2025-09-15,177.75
2025-09-16,174.88
2025-09-17,170.29
2025-09-18,176.24
2025-09-19,176.67
2025-09-22,183.61
2025-09-23,178.43
2025-09-24,176.97
2025-09-25,177.69
2025-09-26,178.19
2025-09-29,181.85
2025-09-30,186.58
2025-10-01,187.24
2025-10-02,188.89
2025-10-03,187.62
2025-10-06,185.54
2025-10-07,185.04
2025-10-08,189.11
2025-10-09,192.57
2025-10-10,183.16
2025-10-13,188.32
2025-10-14,180.03
2025-10-15,179.83
2025-10-16,181.81
2025-10-17,183.22
2025-10-20,182.64
2025-10-21,181.16
2025-10-22,180.28
2025-10-23,182.16
2025-10-24,186.26
2025-10-27,191.49
2025-10-28,201.03
2025-10-29,207.04
2025-10-30,202.89
2025-10-31,202.49
2025-11-03,206.88
2025-11-04,198.69
2025-11-05,195.21
2025-11-06,188.08
2025-11-07,188.15
2025-11-10,199.05
2025-11-11,193.16
2025-11-12,193.8
2025-11-13,186.86
2025-11-14,190.17
2025-11-17,186.6
2025-11-18,181.36
2025-11-19,186.52
2025-11-20,180.64
2025-11-21,178.88
2025-11-24,182.55
2025-11-25,177.82
2025-11-26,180.26
2025-11-28,177.0
2025-12-01,179.92
2025-12-02,181.46
2025-12-03,179.59
2025-12-04,183.38
2025-12-05,182.41
2025-12-08,185.55
2025-12-09,184.97
2025-12-10,183.78
2025-12-11,180.93
2025-12-12,175.02
2025-12-15,176.29
2025-12-16,177.72
2025-12-17,170.94
2025-12-18,174.14
2025-12-19,180.99
2025-12-22,183.69
2025-12-23,189.21
2025-12-24,188.61
2025-12-26,190.53
2025-12-29,188.22
2025-12-30,187.54
2025-12-31,186.5
2026-01-02,188.85
